<?xml version="1.0" encoding="UTF-8"?><item><post_title>Calliope</post_title><post_content>Espécie de flauta de madeira, com formato retangular e dez orifícios. Existem decorações com desenhos que representam uma reunião de pessoas, possivelmente representação de uma Exposição Universal, já que o instrumento participou da que aconteceu em Chicago em 1893. Para tocar o instrumentista leva o instrumento à boca, como se faz com uma gaita.</post_content><post_date>2016-05-22 22:15:02</post_date><post_author>easilva91@gmail.com</post_author><socialdb_object_from>external</socialdb_object_from><socialdb_object_dc_source>http://mvim.ibict.br/wp-content/uploads/2014/10/mvim_dc_ae_0043_01-1030x823.jpg</socialdb_object_dc_source><socialdb_object_content>http://mvim.ibict.br/wp-content/uploads/2014/10/mvim_dc_ae_0043_01-1030x823.jpg</socialdb_object_content><socialdb_object_dc_type>image</socialdb_object_dc_type><categories>2240|2256|2243|2284</categories><tags>madeira</tags><properties><property><id>2308</id><value>                Os inventários anteriores informam que este exemplar do museu participou da Exposição Universal de Chicago de 1893. As exposições universais começaram a ocorrer no final do século XIX em um contexto de avanços na metalurgia e na siderurgia, consolidação do uso da eletricidade e do petróleo, e quando empresas e governos começaram a financiar pesquisas científicas com o objetivo de tomar a dianteira na competição internacional. Entre os objetivos principais dessas exposições estão o desejo de mostrar a força do sistema fabril e de seus inventos, de expor tudo o que dizia respeito à atividade humana, sendo as máquinas e os novos inventos a atração principal. O Brasil foi representado em muitas exposições universais, mas a participação mais significativa ocorreu na Exposição de Paris de 1889.</value></property><property><id>2309</id><value>421.222.11 Flautas com canal interno, com tubos abertos, sem orifícios</value></property><property><id>2310</id><value></value></property><property><id>2311</id><value>mvim_dc_ae_0043</value></property><property><id>2312</id><value></value></property><property><id>2313</id><value></value></property><property><id>2314</id><value></value></property><property><id>2315</id><value>1</value></property><property><id>2316</id><value>Doação de Rodolfo Bernadelli</value></property><property><id>2317</id><value>MIDC/EM/UFRJ Aerofones 421.222.11 I1 Prat.21</value></property><property><id>2318</id><value>C=16 cm L=87 cm</value></property><property><id>2319</id><value></value></property><property><id>2320</id><value></value></property><property><id>2509</id><value>|7621</value></property></properties></item>