<?xml version="1.0" encoding="UTF-8"?><collection><post_title>MT Aerofones</post_title><post_content></post_content><post_name>mt-aerofones-2</post_name><socialdb_collection_hide_tags></socialdb_collection_hide_tags><socialdb_collection_attachment></socialdb_collection_attachment><socialdb_collection_allow_hierarchy>true</socialdb_collection_allow_hierarchy><parent>socialdb_collection_public</parent><socialdb_collection_object_type>2240</socialdb_collection_object_type><socialdb_collection_default_ordering></socialdb_collection_default_ordering><socialdb_collection_ordenation_form>desc</socialdb_collection_ordenation_form><socialdb_collection_facet_widget_tree_orientation></socialdb_collection_facet_widget_tree_orientation><socialdb_collection_mapping_exportation_active></socialdb_collection_mapping_exportation_active><socialdb_collection_board_background_color></socialdb_collection_board_background_color><socialdb_collection_board_border_color></socialdb_collection_board_border_color><socialdb_collection_board_font_color></socialdb_collection_board_font_color><socialdb_collection_board_link_color></socialdb_collection_board_link_color><socialdb_collection_board_skin_mode></socialdb_collection_board_skin_mode><socialdb_collection_hide_title></socialdb_collection_hide_title><socialdb_collection_hide_description></socialdb_collection_hide_description><socialdb_collection_hide_thumbnail></socialdb_collection_hide_thumbnail><socialdb_collection_hide_menu></socialdb_collection_hide_menu><socialdb_collection_hide_categories></socialdb_collection_hide_categories><socialdb_collection_hide_rankings></socialdb_collection_hide_rankings><socialdb_collection_columns></socialdb_collection_columns><socialdb_collection_size_thumbnail></socialdb_collection_size_thumbnail><permissions><socialdb_collection_permission_create_category>members</socialdb_collection_permission_create_category><socialdb_collection_permission_edit_category>approval</socialdb_collection_permission_edit_category><socialdb_collection_permission_delete_category>approval</socialdb_collection_permission_delete_category><socialdb_collection_permission_add_classification>members</socialdb_collection_permission_add_classification><socialdb_collection_permission_delete_classification>approval</socialdb_collection_permission_delete_classification><socialdb_collection_permission_create_object>members</socialdb_collection_permission_create_object><socialdb_collection_permission_delete_object>approval</socialdb_collection_permission_delete_object><socialdb_collection_permission_create_property_data>members</socialdb_collection_permission_create_property_data><socialdb_collection_permission_edit_property_data>approval</socialdb_collection_permission_edit_property_data><socialdb_collection_permission_delete_property_data>approval</socialdb_collection_permission_delete_property_data><socialdb_collection_permission_edit_property_data_value>approval</socialdb_collection_permission_edit_property_data_value><socialdb_collection_permission_create_property_object>members</socialdb_collection_permission_create_property_object><socialdb_collection_permission_edit_property_object>approval</socialdb_collection_permission_edit_property_object><socialdb_collection_permission_delete_property_object>approval</socialdb_collection_permission_delete_property_object><socialdb_collection_permission_edit_property_object_value>approval</socialdb_collection_permission_edit_property_object_value><socialdb_collection_permission_create_comment>anonymous</socialdb_collection_permission_create_comment><socialdb_collection_permission_edit_comment>approval</socialdb_collection_permission_edit_comment><socialdb_collection_permission_delete_comment>approval</socialdb_collection_permission_delete_comment><socialdb_collection_permission_create_tags>approval</socialdb_collection_permission_create_tags><socialdb_collection_permission_edit_tags>approval</socialdb_collection_permission_edit_tags><socialdb_collection_permission_delete_tags>members</socialdb_collection_permission_delete_tags><socialdb_collection_permission_create_property_term>members</socialdb_collection_permission_create_property_term><socialdb_collection_permission_edit_property_term>approval</socialdb_collection_permission_edit_property_term><socialdb_collection_permission_delete_property_term>approval</socialdb_collection_permission_delete_property_term></permissions><properties><property><id>2308</id><name>Para saber mais</name><socialdb_property_required></socialdb_property_required><socialdb_property_data_widget>textarea</socialdb_property_data_widget><socialdb_property_data_column_ordenation></socialdb_property_data_column_ordenation><socialdb_property_default_value></socialdb_property_default_value><socialdb_property_created_category>2240</socialdb_property_created_category></property><property><id>2309</id><name>Classificação</name><socialdb_property_required></socialdb_property_required><socialdb_property_data_widget>text</socialdb_property_data_widget><socialdb_property_data_column_ordenation></socialdb_property_data_column_ordenation><socialdb_property_default_value>Classificação</socialdb_property_default_value><socialdb_property_created_category>2240</socialdb_property_created_category></property><property><id>2310</id><name>Nomes Adicionais</name><socialdb_property_required></socialdb_property_required><socialdb_property_data_widget>text</socialdb_property_data_widget><socialdb_property_data_column_ordenation></socialdb_property_data_column_ordenation><socialdb_property_default_value></socialdb_property_default_value><socialdb_property_created_category>2240</socialdb_property_created_category></property><property><id>2311</id><name>Código</name><socialdb_property_required></socialdb_property_required><socialdb_property_data_widget>text</socialdb_property_data_widget><socialdb_property_data_column_ordenation></socialdb_property_data_column_ordenation><socialdb_property_default_value></socialdb_property_default_value><socialdb_property_created_category>2240</socialdb_property_created_category></property><property><id>2312</id><name>Material</name><socialdb_property_required></socialdb_property_required><socialdb_property_data_widget>text</socialdb_property_data_widget><socialdb_property_data_column_ordenation></socialdb_property_data_column_ordenation><socialdb_property_default_value></socialdb_property_default_value><socialdb_property_created_category>2240</socialdb_property_created_category></property><property><id>2313</id><name>Categorias</name><socialdb_property_required></socialdb_property_required><socialdb_property_term_cardinality>1</socialdb_property_term_cardinality><socialdb_property_term_widget>tree</socialdb_property_term_widget><socialdb_property_term_root>2240</socialdb_property_term_root><socialdb_property_created_category>2240</socialdb_property_created_category><socialdb_property_help></socialdb_property_help></property><property><id>2314</id><name>Autoria / Fabricante</name><socialdb_property_required></socialdb_property_required><socialdb_property_term_cardinality>1</socialdb_property_term_cardinality><socialdb_property_term_widget>tree</socialdb_property_term_widget><socialdb_property_term_root>2281</socialdb_property_term_root><socialdb_property_created_category>2240</socialdb_property_created_category><socialdb_property_help></socialdb_property_help></property><property><id>2315</id><name>teste autoincremento</name><socialdb_property_required></socialdb_property_required><socialdb_property_data_widget>autoincrement</socialdb_property_data_widget><socialdb_property_data_column_ordenation>false</socialdb_property_data_column_ordenation><socialdb_property_default_value></socialdb_property_default_value><socialdb_property_created_category>2240</socialdb_property_created_category></property><property><id>2316</id><name>Proveniência</name><socialdb_property_required></socialdb_property_required><socialdb_property_data_widget>text</socialdb_property_data_widget><socialdb_property_data_column_ordenation>false</socialdb_property_data_column_ordenation><socialdb_property_default_value></socialdb_property_default_value><socialdb_property_created_category>2240</socialdb_property_created_category></property><property><id>2317</id><name>Localização</name><socialdb_property_required></socialdb_property_required><socialdb_property_data_widget>text</socialdb_property_data_widget><socialdb_property_data_column_ordenation>false</socialdb_property_data_column_ordenation><socialdb_property_default_value></socialdb_property_default_value><socialdb_property_created_category>2240</socialdb_property_created_category></property><property><id>2318</id><name>Dimensões</name><socialdb_property_required>false</socialdb_property_required><socialdb_property_data_widget>text</socialdb_property_data_widget><socialdb_property_data_column_ordenation></socialdb_property_data_column_ordenation><socialdb_property_default_value></socialdb_property_default_value><socialdb_property_created_category>2240</socialdb_property_created_category></property><property><id>2319</id><name>Local de Fabricação</name><socialdb_property_required></socialdb_property_required><socialdb_property_term_cardinality>1</socialdb_property_term_cardinality><socialdb_property_term_widget>tree</socialdb_property_term_widget><socialdb_property_term_root>2254</socialdb_property_term_root><socialdb_property_created_category>2240</socialdb_property_created_category><socialdb_property_help></socialdb_property_help></property><property><id>2320</id><name>Época (datação)</name><socialdb_property_required></socialdb_property_required><socialdb_property_term_cardinality>1</socialdb_property_term_cardinality><socialdb_property_term_widget>tree</socialdb_property_term_widget><socialdb_property_term_root>2242</socialdb_property_term_root><socialdb_property_created_category>2240</socialdb_property_created_category><socialdb_property_help></socialdb_property_help></property><property><id>2509</id><name>metadado_relaciona_video</name><socialdb_property_required>false</socialdb_property_required><socialdb_property_object_category_id>2500</socialdb_property_object_category_id><socialdb_property_object_is_reverse>true</socialdb_property_object_is_reverse><socialdb_property_object_reverse>2504</socialdb_property_object_reverse><socialdb_property_created_category>2240</socialdb_property_created_category></property><property><id>3252</id><name>Autor</name><socialdb_property_required>false</socialdb_property_required><socialdb_property_data_widget>text</socialdb_property_data_widget><socialdb_property_data_column_ordenation></socialdb_property_data_column_ordenation><socialdb_property_default_value></socialdb_property_default_value><socialdb_property_created_category>23</socialdb_property_created_category></property><property><id>3256</id><name>Ano</name><socialdb_property_required>false</socialdb_property_required><socialdb_property_data_widget>date</socialdb_property_data_widget><socialdb_property_data_column_ordenation>false</socialdb_property_data_column_ordenation><socialdb_property_default_value></socialdb_property_default_value><socialdb_property_created_category>23</socialdb_property_created_category></property></properties><facets><facet><id>2309</id><name>Classificação</name><orientation>left-column</orientation><priority>4</priority><widget>searchbox</widget><color></color><range_option></range_option></facet><facet><id>2310</id><name>Nomes Adicionais</name><orientation>left-column</orientation><priority>5</priority><widget>searchbox</widget><color></color><range_option></range_option></facet><facet><id>2311</id><name>Código</name><orientation>left-column</orientation><priority>6</priority><widget>searchbox</widget><color></color><range_option></range_option></facet><facet><id>tag</id><name>Tag</name><orientation></orientation><priority>0</priority><widget>tree</widget><color></color><range_option></range_option></facet><facet><id>2281</id><name>Autoria / Fabricante</name><orientation></orientation><priority>2</priority><widget>tree</widget><color>color_property2</color><range_option></range_option></facet><facet><id>2254</id><name>Local de fabricação</name><orientation></orientation><priority>3</priority><widget>tree</widget><color>color_property6</color><range_option></range_option></facet><facet><id>2242</id><name>Época (datação)</name><orientation></orientation><priority>1</priority><widget>tree</widget><color>color_property7</color><range_option></range_option></facet><facet><id>2318</id><name>Dimensões</name><orientation></orientation><priority>7</priority><widget>tree</widget><color>color_property5</color><range_option></range_option></facet></facets><channels></channels></collection>