<?xml version="1.0" encoding="UTF-8"?><item><post_title>V</post_title><post_content></post_content><post_date>2016-05-25 19:01:17</post_date><post_author>easilva91@gmail.com</post_author><socialdb_object_from>external</socialdb_object_from><socialdb_object_dc_source></socialdb_object_dc_source><socialdb_object_content></socialdb_object_content><socialdb_object_dc_type></socialdb_object_dc_type><categories>2240</categories><tags></tags><properties><property><id>2509</id><value></value></property></properties></item>