<?xml version="1.0" encoding="UTF-8"?><item><post_title>Saxofone alto</post_title><post_content>Instrumento feito de metal formado pelos seguintes segmentos: boquilha, tudel e corpo. O corpo é cônico, curvo e se expande na extremidade inferior formando uma campana em forma de sino. O tudel é dobrada em ângulo reto para oferecer uma posição de execução confortável. O instrumento é tocado com uma única palheta batente, esta se encaixa na boquilha que por sua vez se encaixa no tudel. Para que a boquilha tenha um encaixe completamente vedado, a ponta do tudel é envolta com uma folha fina de cortiça. O saxofone é um instrumento transpositor, este exemplar é afinado em Mi bemol. A extensão do saxofone alto vai do réb3 até o sib3.</post_content><post_date>2016-05-23 11:22:45</post_date><post_author>easilva91@gmail.com</post_author><socialdb_object_from>external</socialdb_object_from><socialdb_object_dc_source>http://mvim.ibict.br/wp-content/uploads/2014/10/mvim_dc_ae_068_01-1030x823.jpg</socialdb_object_dc_source><socialdb_object_content>http://mvim.ibict.br/wp-content/uploads/2014/10/mvim_dc_ae_068_01-1030x823.jpg</socialdb_object_content><socialdb_object_dc_type>image</socialdb_object_dc_type><categories>2282|2240|2244|2257</categories><tags></tags><properties><property><id>2308</id><value>O saxofone foi inventado por volta de 1840 pelo francês Adolphe Sax. Sax já era um construtor experiente antes da invenção do saxofone, tinha trabalhado na criação e refinamento de vários instrumentos. O próprio saxofone surgiu após modificações que ele havia realizado no oficleide, outro aerofone de metal com chaves. O primeiro saxofone, denominado saxophone basse em cuivre (saxofone baixo feito de latão) foi apresentado na segunda Exibição Industrial de Bruxelas em agosto de 1841. Esse primeiro instrumento foi bem aceito e, entusiasmado com o sucesso, Sax criou uma família de saxofones e patenteou quatorze instrumentos em 1846. Em 1850 estabeleceu-se a família com seis instrumentos que são utilizados até os dias de hoje: sopranino, soprano, tenor, alto, barítono e contrabaixo. O saxofone foi rapidamente assimilado pelas bandas militares, exercendo o papel de elo sonoro entre os clarinetes e os metais tenores, posteriormente também foi adotado por compositores orquestrais como Bizet, Meyerbeer, Massenet, Debussy, Ravel, Villa-Lobos, Richard Strauss e mais recentemente por compositores como Harrison Birtwistle , Mark-Anthony Turnage e John Adams. No final do século XIX John Philip Souza introduziu o instrumento nas bandas norte-americanas e com o surgimento do jazz o sax passou a ser o instrumento por excelência do gênero, especialmente os saxofones alto e tenor. No Brasil, logo no início do século XX o instrumento passou a ser utilizado no Choro e a integrar orquestras de música popular.</value></property><property><id>2309</id><value>422.212 Clarinetes individuais com tubo cônico</value></property><property><id>2310</id><value>Sax alto (Fonte: SADIE, 1994)</value></property><property><id>2311</id><value>mvim_dc_ae_0068</value></property><property><id>2312</id><value></value></property><property><id>2313</id><value></value></property><property><id>2314</id><value></value></property><property><id>2315</id><value>2</value></property><property><id>2316</id><value>Não determinada</value></property><property><id>2317</id><value>MIDC/EM/UFRJ Aerofones 422.2 I2 Prat.25</value></property><property><id>2318</id><value>C= 65cm L= 34 A(campana)= 12 cm</value></property><property><id>2319</id><value></value></property><property><id>2320</id><value></value></property><property><id>2504</id><value>7613</value></property><property><id>2509</id><value></value></property></properties></item>