<?xml version="1.0" encoding="UTF-8"?><item><post_title>video exemplo</post_title><post_content></post_content><post_date>2016-05-25 19:01:42</post_date><post_author>easilva91@gmail.com</post_author><socialdb_object_from>external</socialdb_object_from><socialdb_object_dc_source>https://www.youtube.com/watch?v=boRJS9omSHc</socialdb_object_dc_source><socialdb_object_content>https://www.youtube.com/watch?v=boRJS9omSHc</socialdb_object_content><socialdb_object_dc_type>video</socialdb_object_dc_type><categories>2240</categories><tags></tags><properties><property><id>2308</id><value>                </value></property><property><id>2309</id><value>Classificação</value></property><property><id>2310</id><value></value></property><property><id>2311</id><value></value></property><property><id>2312</id><value></value></property><property><id>2313</id><value></value></property><property><id>2314</id><value></value></property><property><id>2315</id><value>3</value></property><property><id>2316</id><value></value></property><property><id>2317</id><value></value></property><property><id>2318</id><value></value></property><property><id>2319</id><value></value></property><property><id>2320</id><value></value></property><property><id>2509</id><value></value></property></properties></item>