<?xml version="1.0" encoding="UTF-8"?><node id="2242" label="Época (datação)"><node id="2243" label="Final do sec. XIX d.C."></node><node id="2244" label="Não determinada"></node><node id="2245" label="Primeira metade do sec. XIX d.C."></node><node id="2246" label="1767"></node><node id="2247" label="c. 1860"></node><node id="2248" label="c.1840"></node><node id="2249" label="Século XIX"></node><node id="2250" label="Século XVIII"></node><node id="2251" label="Século XX"></node><node id="2252" label="Segunda metade do sec. XVIII d.C."></node><node id="2253" label="Segunda metade do sec. XX d.C."></node></node>