<?xml version="1.0" encoding="UTF-8"?><node id="2254" label="Local de fabricação"><node id="2255" label="Berlim, Alemanha"></node><node id="2256" label="Estados Unidos"></node><node id="2257" label="Paris, França"></node><node id="2258" label="Antiga Boemia, atual Tchecoslováquia"></node><node id="2259" label="Brasil"></node><node id="2260" label="Bulgária"></node><node id="2261" label="Chicago, EUA"></node><node id="2262" label="China"></node><node id="2263" label="Delhi, Índia"></node><node id="2264" label="Egito"></node><node id="2265" label="Goiás, Brasil"></node><node id="2266" label="Índia"></node><node id="2267" label="Japão"></node><node id="2268" label="Java, Indonésia"></node><node id="2269" label="Marrocos"></node><node id="2270" label="México"></node><node id="2271" label="Milão, Itália"></node><node id="2272" label="Não determinado"></node><node id="2273" label="Napoli, Itália"></node><node id="2274" label="Portugal"></node><node id="2275" label="Região dos Andes"></node><node id="2276" label="Rio de Janeiro, Brasil"></node><node id="2277" label="Sião, atual Tailândia"></node><node id="2278" label="Sudão"></node><node id="2279" label="Tchecoslováquia"></node><node id="2280" label="Turim, Itália"></node></node>