<?xml version="1.0" encoding="UTF-8"?><node id="2281" label="Autoria / Fabricante"><node id="2282" label="Buffet Crampon"></node><node id="2283" label="Griessling &amp; Schlott"></node><node id="2284" label="Não identificado"></node><node id="2285" label="Antônio Muniz Santiago"></node><node id="2286" label="Barlassina &amp; Saetti"></node><node id="2287" label="Buthod &amp; Thibouville"></node><node id="2288" label="C. G. Schuster Jun"></node><node id="2289" label="Clair Godfroy aîné"></node><node id="2290" label="Evette &amp; Schaeffer"></node><node id="2291" label="F. Besson"></node><node id="2292" label="Fortunato Vinatieri"></node><node id="2293" label="Fratelli Vinaccia"></node><node id="2294" label="Gautrot Brevete"></node><node id="2295" label="Giuseppe Manfredi"></node><node id="2296" label="H.C. Nelson"></node><node id="2297" label="Índios Carajás do Rio Araguaia"></node><node id="2298" label="João da Silva Braga"></node><node id="2299" label="João do Santos Couceiro"></node><node id="2300" label="Lebrêt"></node><node id="2301" label="Lefèvre"></node><node id="2302" label="Mohamad Busc"></node><node id="2303" label="Nicolas Augustin Chappuy"></node><node id="2304" label="Porfírio Martins e Cia"></node><node id="2305" label="Ricardo Roveda"></node><node id="2306" label="Suzuki"></node><node id="2307" label="Theobald Boehm"></node></node>