<?xml version="1.0" encoding="UTF-8"?><item><post_title>Basset horn</post_title><post_content>Instrumento de palheta simples e registro grave da família dos clarinetes. O corpo do instrumento é feito de madeira e se assemelha ao do clarinete, porém a articulação superior se curva em direção ao executante e a campana, feita de opaca, se abre para baixo. Entre as articulações do instrumento existem aros que são feitos de marfim. Este exemplar possui sete orifícios e treze chaves. Existem decorações ao redor da campana. Este basset horn é afinado em Fá; a nota mais grave que o instrumento atinge é o dó1 escrito, soando fá1. A palheta fica encaixada na boquiha, para tocar o executante apoia no lábio inferior (que está dobrado sobre os dentes) e posiciona os dentes superiores na parte superior da boquilha (bisel), em seguida produz a corrente de ar. O exemplar do museu não possui boquilha.</post_content><post_date>2016-05-20 01:11:01</post_date><post_author>easilva91@gmail.com</post_author><socialdb_object_from>external</socialdb_object_from><socialdb_object_dc_source>http://mvim.ibict.br/wp-content/uploads/2015/03/mvim_dc_ae_049_01-1030x823.jpg</socialdb_object_dc_source><socialdb_object_content>http://mvim.ibict.br/wp-content/uploads/2015/03/mvim_dc_ae_049_01-1030x823.jpg</socialdb_object_content><socialdb_object_dc_type>image</socialdb_object_dc_type><categories>2241|2255|2240|2283|2245</categories><tags>aerofones|alpaca|madeira|marfim</tags><properties><property><id></id><value></value></property><property><id>2308</id><value>                                O basset horn faz parte da família dos clarinetes e acredita-se que ele tenha sido inventado provavelmente por volta de 1760 por Anton e Michel Mayrhofers, mas os detalhes sobre sua criação ainda não estão totalmente esclarecidos, já que não é possível saber se ele foi desenvolvido a partir de um clarinete mais grave ou a partir de uma chalumeau baixo. No século XVIII o instrumento foi bastante utilizado por Mozart que o incluiu em obras como a Serenata em Si bemol e o Requiem; Beethoven o utilizou na abertura de Prometheus (1801), e Richard Strauss na ópera Daphne (1936-1937). Porém, o instrumento nunca se popularizou realmente e sua fabricação diminuiu muito a partir da segunda metade do século XIX, apesar de nunca ter sido completamente extinta. O desafio para os fabricantes atuais do basset horn é produzir um instrumento que seja capaz de balancear os timbres na orquestra moderna e que ao mesmo tempo não perca o timbre característico do instrumento.                </value></property><property><id>2309</id><value>422.211.2 Clarinetes individuais com tubo cilíndrico, com orifícios</value></property><property><id>2313</id><value></value></property><property><id>2310</id><value>Corno de basseto (Fonte: BASE MINERVA, 2014), Bassethorn (Fonte: CARVALHO, 1905), Basshorn (ROLLA, 1974), Cor de basset (Fonte: BERKLEY, 2009)</value></property><property><id>2311</id><value>mvim_ae_co_0049</value></property><property><id>2312</id><value>alpaca, madeira, marfim</value></property><property><id>2314</id><value></value></property><property><id>2315</id><value></value></property><property><id>2316</id><value>Doação de João dos Santos Couceiro</value></property><property><id>2317</id><value>MIDC/EM/UFRJ Aerofones 422.2 I1 Prat. 24</value></property><property><id>2318</id><value>C= 86cm L= 29cm A (campana)= 14,2 cm</value></property><property><id>2319</id><value></value></property><property><id>2320</id><value></value></property><property><id>2504</id><value>7613</value></property><property><id>2509</id><value>7613</value></property></properties></item>